R/Ropt,V(R)
0.1,0.298
0.2,0.508
0.3,0.697
0.4,0.769
0.5,0.839
0.6,0.891
0.7000000000000001,0.9319999999999999
0.8,0.9770000000000001
0.9,0.9919999999999999
1.0,1.0030000000000001
1.0999999999999999,1.0110000000000001
1.2,1.0139999999999998
1.3000000000000003,1.019
1.4000000000000001,1.0330000000000001
1.5000000000000002,1.031
1.6,1.0430000000000001
1.7000000000000002,1.053
1.8,1.052
1.9000000000000001,1.072
2.0,1.0699999999999998
