R/Ropt,V(R)
0.06231620553359683,0.6169826150485437
0.1869486166007905,0.7220868970873787
0.3115810276679842,0.844416972815534
0.4362134387351778,0.9592860825242718
0.5608458498023715,0.9458606495145631
0.7010573122529644,0.9619959281553399
0.8568478260869564,0.9673923242718446
1.0126383399209486,0.9978151451456311
1.1684288537549408,0.9862486932038835
1.3709565217391304,0.9691890563106796
1.6202213438735176,0.9477334383495145
