R/Ropt,V(R)
0.11000000000000001,0.21000000000000002
0.22000000000000003,0.37
0.32,0.49000000000000005
0.41,0.6
0.52,0.6799999999999999
0.63,0.78
0.77,0.86
0.9099999999999999,0.95
1.03,0.99
1.1800000000000002,1.05
1.3199999999999998,1.0699999999999998
1.45,1.0699999999999998
1.65,1.1199999999999999
1.8800000000000001,1.2
