R/Ropt,V(R)
0.1,0.568
0.2,0.74
0.30000000000000004,0.842
0.4,0.92
0.5,0.937
0.6000000000000001,0.9700000000000001
0.7,0.99
0.8,0.994
0.8999999999999999,1.0
1.0,1.0
1.1,0.994
1.2000000000000002,0.9810000000000001
1.2999999999999998,0.98
1.4,0.968
1.5,0.9590000000000001
1.6,0.951
1.7000000000000002,0.944
1.7999999999999998,0.9329999999999999
1.9000000000000001,0.93
2.0,0.9269999999999999
