R/Ropt,V(R)
0.062372413793103446,0.3394394516312057
0.18711724137931035,0.6412348831914894
0.31186206896551727,0.7955437631205674
0.4677931034482759,0.863595424822695
0.6549103448275863,0.912301824113475
0.8420275862068966,0.9485997992907802
1.0291448275862067,0.9642660134751773
1.2162620689655173,0.9849866907801418
1.465751724137931,0.9186144432624115
