R/Ropt,V(R)
0.19999999999999998,0.346
0.3,0.5730000000000001
0.39999999999999997,0.689
0.5,0.778
0.6,0.8410000000000001
0.7000000000000001,0.9009999999999999
0.7999999999999999,0.919
0.8999999999999999,0.935
1.0,0.963
1.0999999999999999,1.0
1.2,1.003
1.3,1.009
1.4000000000000001,1.01
1.5,1.017
1.5999999999999999,1.0210000000000001
1.7,1.0210000000000001
1.7999999999999998,1.028
1.9,1.031
2.0,1.032
2.0,1.0370000000000001
