R/Ropt,V(R)
0.0629370629090909,0.16550465797727273
0.18881118872727273,0.37891414500000004
0.31468531472727274,0.5827244931818182
0.44055944054545454,0.7776375852272728
0.5664335663636364,0.8422783506818181
0.708041958,0.9629313177272727
0.8653846154545455,0.9526404443181818
1.0227272727272727,1.0348438549999999
1.18006993,1.099108489318182
1.3374125874545455,1.1624145872727274
1.4947552447272727,1.1349985756818182
1.6520979021818183,1.2820351938636365
