R/Ropt,V(R)
0.06234297110169491,0.2503453347524752
0.18702891322033896,0.5320247806930692
0.3117148554237288,0.7105381772277227
0.4364007976271186,0.8025967549504951
0.5610867397457626,0.8902262582178218
0.7013584247457626,0.9272328854455445
0.8572158525423729,0.9624345221782178
1.0130732805084746,1.00299369009901
1.1689307076271185,1.0298111891089108
1.3247881355932203,1.0583644207920793
1.4806455635593219,1.0671331267326731
1.636502990677966,1.06820650990099
