R/Ropt,V(R)
0.09999999999999999,0.247
0.19999999999999998,0.443
0.3,0.588
0.39999999999999997,0.657
0.5,0.7260000000000001
0.6,0.798
0.7000000000000001,0.858
0.7999999999999999,0.8979999999999999
0.8999999999999999,0.948
1.0,0.996
1.0999999999999999,1.008
1.2,1.028
1.3,1.035
1.4000000000000001,1.055
1.5,1.069
1.5999999999999999,1.0779999999999998
1.7,1.0979999999999999
1.7999999999999998,1.106
1.9,1.117
2.0,1.133
