R/Ropt,V(R)
0.06323955666666667,0.34282821383561646
0.18971867014492755,0.5486305271232877
0.3161977834782609,0.7123442916438356
0.44267689681159417,0.7744875790410959
0.5691560102898551,0.8540608599999999
0.7114450127536232,0.8881642171232876
0.8695439044927536,0.9690086867123289
1.027642796231884,1.0180216346575344
1.1857416879710143,1.0447828773972603
1.343840579710145,1.0764089015068494
1.5019394710144927,1.1100496973972604
1.660038363768116,1.119141430958904
