R/Ropt,V(R)
0.1,0.229
0.2,0.38
0.3,0.53
0.4,0.632
0.5,0.739
0.6,0.832
0.7000000000000001,0.875
0.8,0.9129999999999999
0.9,0.97
1.0,1.003
1.1,1.023
1.2,1.04
1.3000000000000003,1.062
1.4000000000000001,1.083
1.5000000000000002,1.105
1.6,1.122
1.7000000000000002,1.139
1.8,1.159
1.9000000000000001,1.181
2.0,1.2020000000000002
